{"Stations":[
    {
        "Code":"A03",
        "Lat":38.9095980575,
        "LineCode1":"RD",
        "LineCode2":null,
        "LineCode3":null,
        "LineCode4":null,
        "Lon":-77.0434143597,
        "Name":"Dupont Circle",
        "StationTogether1":"",
        "StationTogether2":""
    },
    {
        "Code":"A02",
        "Lat":38.9032019462,
        "LineCode1":"RD",
        "LineCode2":null,
        "LineCode3":null,
        "LineCode4":null,
        "Lon":-77.0397008272,
        "Name":"Farragut North",
        "StationTogether1":"",
        "StationTogether2":""
    },
    {
        "Code":"A01",
        "Lat":38.8983144732,
        "LineCode1":"RD",
        "LineCode2":null,
        "LineCode3":null,
        "LineCode4":null,
        "Lon":-77.0280779971,
        "Name":"Metro Center",
        "StationTogether1":"C01",
        "StationTogether2":""
    },
    {
        "Code":"A07",
        "Lat":38.9488514351,
        "LineCode1":"RD",
        "LineCode2":null,
        "LineCode3":null,
        "LineCode4":null,
        "Lon":-77.0795873255,
        "Name":"Tenleytown",
        "StationTogether1":"",
        "StationTogether2":""
    },
    {
        "Code":"A06",
        "Lat":38.9432652883,
        "LineCode1":"RD",
        "LineCode2":null,
        "LineCode3":null,
        "LineCode4":null,
        "Lon":-77.0629861805,
        "Name":"Van Ness UDC",
        "StationTogether1":"",
        "StationTogether2":""
    },
    {
        "Code":"A05",
        "Lat":38.9347628908,
        "LineCode1":"RD",
        "LineCode2":null,
        "LineCode3":null,
        "LineCode4":null,
        "Lon":-77.0580425191,
        "Name":"Cleveland Park",
        "StationTogether1":"",
        "StationTogether2":""
    },
    {
        "Code":"A04",
        "Lat":38.9250851371,
        "LineCode1":"RD",
        "LineCode2":null,
        "LineCode3":null,
        "LineCode4":null,
        "Lon":-77.0524180207,
        "Name":"Woodley Park Zoo",
        "StationTogether1":"",
        "StationTogether2":""
    },
    {
        "Code":"B02",
        "Lat":38.8960903176,
        "LineCode1":"RD",
        "LineCode2":null,
        "LineCode3":null,
        "LineCode4":null,
        "Lon":-77.0166389566,
        "Name":"Judiciary Square",
        "StationTogether1":"",
        "StationTogether2":""
    },
    {
        "Code":"C10",
        "Lat":38.8534163859,
        "LineCode1":"BL",
        "LineCode2":"YL",
        "LineCode3":null,
        "LineCode4":null,
        "Lon":-77.0440422943,
        "Name":"National Arpt",
        "StationTogether1":"",
        "StationTogether2":""
    },
    {
        "Code":"E10",
        "Lat":39.0111458605,
        "LineCode1":"GR",
        "LineCode2":null,
        "LineCode3":null,
        "LineCode4":null,
        "Lon":-76.9110575731,
        "Name":"Greenbelt",
        "StationTogether1":"",
        "StationTogether2":""
    },
    {
        "Code":"D08",
        "Lat":38.8867090898,
        "LineCode1":"BL",
        "LineCode2":"OR",
        "LineCode3":null,
        "LineCode4":null,
        "Lon":-76.9770889014,
        "Name":"Stadium Armory",
        "StationTogether1":"",
        "StationTogether2":""
    },
    {
        "Code":"B08",
        "Lat":38.9939493747,
        "LineCode1":"RD",
        "LineCode2":null,
        "LineCode3":null,
        "LineCode4":null,
        "Lon":-77.0310178268,
        "Name":"Silver Spring",
        "StationTogether1":"",
        "StationTogether2":""
    },
    {
        "Code":"B09",
        "Lat":39.0149542752,
        "LineCode1":"RD",
        "LineCode2":null,
        "LineCode3":null,
        "LineCode4":null,
        "Lon":-77.0429165548,
        "Name":"Forest Glen",
        "StationTogether1":"",
        "StationTogether2":""
    },
    {
        "Code":"D09",
        "Lat":38.899191223,
        "LineCode1":"OR",
        "LineCode2":null,
        "LineCode3":null,
        "LineCode4":null,
        "Lon":-76.9467477336,
        "Name":"Minnesota Avenue",
        "StationTogether1":"",
        "StationTogether2":""
    },
    {
        "Code":"D06",
        "Lat":38.8846222608,
        "LineCode1":"BL",
        "LineCode2":"OR",
        "LineCode3":null,
        "LineCode4":null,
        "Lon":-76.9960011267,
        "Name":"Eastern Market",
        "StationTogether1":"",
        "StationTogether2":""
    },
    {
        "Code":"D07",
        "Lat":38.8812632736,
        "LineCode1":"BL",
        "LineCode2":"OR",
        "LineCode3":null,
        "LineCode4":null,
        "Lon":-76.9854953196,
        "Name":"Potomac Avenue",
        "StationTogether1":"",
        "StationTogether2":""
    },
    {
        "Code":"D04",
        "Lat":38.8850723551,
        "LineCode1":"BL",
        "LineCode2":"OR",
        "LineCode3":null,
        "LineCode4":null,
        "Lon":-77.0158682169,
        "Name":"Federal Center SW",
        "StationTogether1":"",
        "StationTogether2":""
    },
    {
        "Code":"D05",
        "Lat":38.8850625009,
        "LineCode1":"BL",
        "LineCode2":"OR",
        "LineCode3":null,
        "LineCode4":null,
        "Lon":-77.0051394199,
        "Name":"Capitol South",
        "StationTogether1":"",
        "StationTogether2":""
    },
    {
        "Code":"D02",
        "Lat":38.888018702,
        "LineCode1":"BL",
        "LineCode2":"OR",
        "LineCode3":null,
        "LineCode4":null,
        "Lon":-77.0280662342,
        "Name":"Smithsonian",
        "StationTogether1":"",
        "StationTogether2":""
    },
    {
        "Code":"D03",
        "Lat":38.8848377279,
        "LineCode1":"BL",
        "LineCode2":"OR",
        "LineCode3":null,
        "LineCode4":null,
        "Lon":-77.021908484,
        "Name":"L'Enfant Plaza",
        "StationTogether1":"F03",
        "StationTogether2":""
    },
    {
        "Code":"B01",
        "Lat":38.8983168097,
        "LineCode1":"RD",
        "LineCode2":null,
        "LineCode3":null,
        "LineCode4":null,
        "Lon":-77.0219153904,
        "Name":"Gallery Place",
        "StationTogether1":"F01",
        "StationTogether2":""
    },
    {
        "Code":"D01",
        "Lat":38.8931808718,
        "LineCode1":"BL",
        "LineCode2":"OR",
        "LineCode3":null,
        "LineCode4":null,
        "Lon":-77.0281319984,
        "Name":"Federal Triangle",
        "StationTogether1":"",
        "StationTogether2":""
    },
    {
        "Code":"B03",
        "Lat":38.8977660392,
        "LineCode1":"RD",
        "LineCode2":null,
        "LineCode3":null,
        "LineCode4":null,
        "Lon":-77.0074142921,
        "Name":"Union Station",
        "StationTogether1":"",
        "StationTogether2":""
    },
    {
        "Code":"B04",
        "Lat":38.9210596891,
        "LineCode1":"RD",
        "LineCode2":null,
        "LineCode3":null,
        "LineCode4":null,
        "Lon":-76.9959369166,
        "Name":"Rhode Island Avenue",
        "StationTogether1":"",
        "StationTogether2":""
    },
    {
        "Code":"B05",
        "Lat":38.9332109913,
        "LineCode1":"RD",
        "LineCode2":null,
        "LineCode3":null,
        "LineCode4":null,
        "Lon":-76.9945342851,
        "Name":"Brookland",
        "StationTogether1":"",
        "StationTogether2":""
    },
    {
        "Code":"B06",
        "Lat":38.9518467675,
        "LineCode1":"RD",
        "LineCode2":null,
        "LineCode3":null,
        "LineCode4":null,
        "Lon":-77.0022030768,
        "Name":"Fort Totten",
        "StationTogether1":"E06",
        "StationTogether2":""
    },
    {
        "Code":"B07",
        "Lat":38.976078531,
        "LineCode1":"RD",
        "LineCode2":null,
        "LineCode3":null,
        "LineCode4":null,
        "Lon":-77.0181766987,
        "Name":"Takoma",
        "StationTogether1":"",
        "StationTogether2":""
    },
    {
        "Code":"K03",
        "Lat":38.8833661518,
        "LineCode1":"OR",
        "LineCode2":null,
        "LineCode3":null,
        "LineCode4":null,
        "Lon":-77.1029772942,
        "Name":"Virginia Square",
        "StationTogether1":"",
        "StationTogether2":""
    },
    {
        "Code":"K05",
        "Lat":38.8859531663,
        "LineCode1":"OR",
        "LineCode2":null,
        "LineCode3":null,
        "LineCode4":null,
        "Lon":-77.1568830199,
        "Name":"E Falls Church",
        "StationTogether1":"",
        "StationTogether2":""
    },
    {
        "Code":"K04",
        "Lat":38.8821828738,
        "LineCode1":"OR",
        "LineCode2":null,
        "LineCode3":null,
        "LineCode4":null,
        "Lon":-77.113168835,
        "Name":"Ballston",
        "StationTogether1":"",
        "StationTogether2":""
    },
    {
        "Code":"F11",
        "Lat":38.8264463483,
        "LineCode1":"GR",
        "LineCode2":null,
        "LineCode3":null,
        "LineCode4":null,
        "Lon":-76.9114642177,
        "Name":"Branch Avenue",
        "StationTogether1":"",
        "StationTogether2":""
    },
    {
        "Code":"F10",
        "Lat":38.8439645544,
        "LineCode1":"GR",
        "LineCode2":null,
        "LineCode3":null,
        "LineCode4":null,
        "Lon":-76.9318701589,
        "Name":"Suitland",
        "StationTogether1":"",
        "StationTogether2":""
    },
    {
        "Code":"D12",
        "Lat":38.9335062344,
        "LineCode1":"OR",
        "LineCode2":null,
        "LineCode3":null,
        "LineCode4":null,
        "Lon":-76.8911979676,
        "Name":"Landover",
        "StationTogether1":"",
        "StationTogether2":""
    },
    {
        "Code":"G05",
        "Lat":38.9050688072,
        "LineCode1":"BL",
        "LineCode2":null,
        "LineCode3":null,
        "LineCode4":null,
        "Lon":-76.8420375202,
        "Name":"Largo Town Center",
        "StationTogether1":"",
        "StationTogether2":""
    },
    {
        "Code":"G04",
        "Lat":38.8938349282,
        "LineCode1":"BL",
        "LineCode2":null,
        "LineCode3":null,
        "LineCode4":null,
        "Lon":-76.8680747681,
        "Name":"Morgan Blvd",
        "StationTogether1":"",
        "StationTogether2":""
    },
    {
        "Code":"K01",
        "Lat":38.8901755312,
        "LineCode1":"OR",
        "LineCode2":null,
        "LineCode3":null,
        "LineCode4":null,
        "Lon":-77.087131231,
        "Name":"Court House",
        "StationTogether1":"",
        "StationTogether2":""
    },
    {
        "Code":"G01",
        "Lat":38.890975676,
        "LineCode1":"BL",
        "LineCode2":null,
        "LineCode3":null,
        "LineCode4":null,
        "Lon":-76.9383648681,
        "Name":"Benning Road",
        "StationTogether1":"",
        "StationTogether2":""
    },
    {
        "Code":"K02",
        "Lat":38.886704839,
        "LineCode1":"OR",
        "LineCode2":null,
        "LineCode3":null,
        "LineCode4":null,
        "Lon":-77.0953940983,
        "Name":"Clarendon",
        "StationTogether1":"",
        "StationTogether2":""
    },
    {
        "Code":"G03",
        "Lat":38.8867478168,
        "LineCode1":"BL",
        "LineCode2":null,
        "LineCode3":null,
        "LineCode4":null,
        "Lon":-76.89410791,
        "Name":"Addison Road",
        "StationTogether1":"",
        "StationTogether2":""
    },
    {
        "Code":"G02",
        "Lat":38.8894658568,
        "LineCode1":"BL",
        "LineCode2":null,
        "LineCode3":null,
        "LineCode4":null,
        "Lon":-76.9118081145,
        "Name":"Capitol Heights",
        "StationTogether1":"",
        "StationTogether2":""
    },
    {
        "Code":"K07",
        "Lat":38.8836251359,
        "LineCode1":"OR",
        "LineCode2":null,
        "LineCode3":null,
        "LineCode4":null,
        "Lon":-77.2271606721,
        "Name":"Dunn Loring",
        "StationTogether1":"",
        "StationTogether2":""
    },
    {
        "Code":"K06",
        "Lat":38.900780551,
        "LineCode1":"OR",
        "LineCode2":null,
        "LineCode3":null,
        "LineCode4":null,
        "Lon":-77.1890948225,
        "Name":"W Falls Church",
        "StationTogether1":"",
        "StationTogether2":""
    },
    {
        "Code":"K08",
        "Lat":38.8776011238,
        "LineCode1":"OR",
        "LineCode2":null,
        "LineCode3":null,
        "LineCode4":null,
        "Lon":-77.2726222569,
        "Name":"Vienna",
        "StationTogether1":"",
        "StationTogether2":""
    },
    {
        "Code":"A13",
        "Lat":39.0624676517,
        "LineCode1":"RD",
        "LineCode2":null,
        "LineCode3":null,
        "LineCode4":null,
        "Lon":-77.1208179517,
        "Name":"Twinbrook",
        "StationTogether1":"",
        "StationTogether2":""
    },
    {
        "Code":"A12",
        "Lat":39.0481513573,
        "LineCode1":"RD",
        "LineCode2":null,
        "LineCode3":null,
        "LineCode4":null,
        "Lon":-77.112829859,
        "Name":"White Flint",
        "StationTogether1":"",
        "StationTogether2":""
    },
    {
        "Code":"A11",
        "Lat":39.02926895,
        "LineCode1":"RD",
        "LineCode2":null,
        "LineCode3":null,
        "LineCode4":null,
        "Lon":-77.10384972,
        "Name":"Grosvenor",
        "StationTogether1":"",
        "StationTogether2":""
    },
    {
        "Code":"A10",
        "Lat":39.0000564843,
        "LineCode1":"RD",
        "LineCode2":null,
        "LineCode3":null,
        "LineCode4":null,
        "Lon":-77.0969522905,
        "Name":"Medical Center",
        "StationTogether1":"",
        "StationTogether2":""
    },
    {
        "Code":"C15",
        "Lat":38.7939158529,
        "LineCode1":"YL",
        "LineCode2":null,
        "LineCode3":null,
        "LineCode4":null,
        "Lon":-77.0752057891,
        "Name":"Huntington",
        "StationTogether1":"",
        "StationTogether2":""
    },
    {
        "Code":"C14",
        "Lat":38.8004254497,
        "LineCode1":"YL",
        "LineCode2":null,
        "LineCode3":null,
        "LineCode4":null,
        "Lon":-77.0708743893,
        "Name":"Eisenhower Avenue",
        "StationTogether1":"",
        "StationTogether2":""
    },
    {
        "Code":"A15",
        "Lat":39.1199273249,
        "LineCode1":"RD",
        "LineCode2":null,
        "LineCode3":null,
        "LineCode4":null,
        "Lon":-77.1646273343,
        "Name":"Shady Grove",
        "StationTogether1":"",
        "StationTogether2":""
    },
    {
        "Code":"A14",
        "Lat":39.0843216075,
        "LineCode1":"RD",
        "LineCode2":null,
        "LineCode3":null,
        "LineCode4":null,
        "Lon":-77.1461253392,
        "Name":"Rockville",
        "StationTogether1":"",
        "StationTogether2":""
    },
    {
        "Code":"B35",
        "Lat":38.9070162121,
        "LineCode1":"RD",
        "LineCode2":null,
        "LineCode3":null,
        "LineCode4":null,
        "Lon":-77.0030204472,
        "Name":"New York Avenue",
        "StationTogether1":"",
        "StationTogether2":""
    },
    {
        "Code":"C07",
        "Lat":38.8694627012,
        "LineCode1":"BL",
        "LineCode2":"YL",
        "LineCode3":null,
        "LineCode4":null,
        "Lon":-77.0537156734,
        "Name":"Pentagon",
        "StationTogether1":"",
        "StationTogether2":""
    },
    {
        "Code":"C09",
        "Lat":38.8579043204,
        "LineCode1":"BL",
        "LineCode2":"YL",
        "LineCode3":null,
        "LineCode4":null,
        "Lon":-77.0502898097,
        "Name":"Crystal City",
        "StationTogether1":"",
        "StationTogether2":""
    },
    {
        "Code":"C08",
        "Lat":38.8618823867,
        "LineCode1":"BL",
        "LineCode2":"YL",
        "LineCode3":null,
        "LineCode4":null,
        "Lon":-77.0595389215,
        "Name":"Pentagon City",
        "StationTogether1":"",
        "StationTogether2":""
    },
    {
        "Code":"E08",
        "Lat":38.9653854458,
        "LineCode1":"GR",
        "LineCode2":null,
        "LineCode3":null,
        "LineCode4":null,
        "Lon":-76.9558815078,
        "Name":"Prince Georges Plaza",
        "StationTogether1":"",
        "StationTogether2":""
    },
    {
        "Code":"E07",
        "Lat":38.9550401707,
        "LineCode1":"GR",
        "LineCode2":null,
        "LineCode3":null,
        "LineCode4":null,
        "Lon":-76.9695766751,
        "Name":"West Hyattsville",
        "StationTogether1":"",
        "StationTogether2":""
    },
    {
        "Code":"E06",
        "Lat":38.9518467675,
        "LineCode1":"GR",
        "LineCode2":"YL",
        "LineCode3":null,
        "LineCode4":null,
        "Lon":-77.0022030768,
        "Name":"Fort Totten",
        "StationTogether1":"B06",
        "StationTogether2":""
    },
    {
        "Code":"E05",
        "Lat":38.9374346301,
        "LineCode1":"GR",
        "LineCode2":"YL",
        "LineCode3":null,
        "LineCode4":null,
        "Lon":-77.023460904,
        "Name":"Georgia Avenue",
        "StationTogether1":"",
        "StationTogether2":""
    },
    {
        "Code":"E04",
        "Lat":38.9278379675,
        "LineCode1":"GR",
        "LineCode2":"YL",
        "LineCode3":null,
        "LineCode4":null,
        "Lon":-77.0325521177,
        "Name":"Columbia Heights",
        "StationTogether1":"",
        "StationTogether2":""
    },
    {
        "Code":"E03",
        "Lat":38.9170023992,
        "LineCode1":"GR",
        "LineCode2":"YL",
        "LineCode3":null,
        "LineCode4":null,
        "Lon":-77.0274958929,
        "Name":"U Street",
        "StationTogether1":"",
        "StationTogether2":""
    },
    {
        "Code":"C01",
        "Lat":38.8983144732,
        "LineCode1":"BL",
        "LineCode2":"OR",
        "LineCode3":null,
        "LineCode4":null,
        "Lon":-77.0280779971,
        "Name":"Metro Center",
        "StationTogether1":"A01",
        "StationTogether2":""
    },
    {
        "Code":"E01",
        "Lat":38.9064368149,
        "LineCode1":"GR",
        "LineCode2":"YL",
        "LineCode3":null,
        "LineCode4":null,
        "Lon":-77.0219143803,
        "Name":"Mt Vernon Sq",
        "StationTogether1":"",
        "StationTogether2":""
    },
    {
        "Code":"C03",
        "Lat":38.9013128941,
        "LineCode1":"BL",
        "LineCode2":"OR",
        "LineCode3":null,
        "LineCode4":null,
        "Lon":-77.0406954151,
        "Name":"Farragut West",
        "StationTogether1":"",
        "StationTogether2":""
    },
    {
        "Code":"C02",
        "Lat":38.9013327968,
        "LineCode1":"BL",
        "LineCode2":"OR",
        "LineCode3":null,
        "LineCode4":null,
        "Lon":-77.0336341721,
        "Name":"McPherson Square",
        "StationTogether1":"",
        "StationTogether2":""
    },
    {
        "Code":"C05",
        "Lat":38.8959790962,
        "LineCode1":"BL",
        "LineCode2":"OR",
        "LineCode3":null,
        "LineCode4":null,
        "Lon":-77.0709086853,
        "Name":"Rosslyn",
        "StationTogether1":"",
        "StationTogether2":""
    },
    {
        "Code":"C04",
        "Lat":38.9006980092,
        "LineCode1":"BL",
        "LineCode2":"OR",
        "LineCode3":null,
        "LineCode4":null,
        "Lon":-77.050277739,
        "Name":"Foggy Bottom",
        "StationTogether1":"",
        "StationTogether2":""
    },
    {
        "Code":"E02",
        "Lat":38.9134768711,
        "LineCode1":"GR",
        "LineCode2":"YL",
        "LineCode3":null,
        "LineCode4":null,
        "Lon":-77.0219117007,
        "Name":"Shaw",
        "StationTogether1":"",
        "StationTogether2":""
    },
    {
        "Code":"C06",
        "Lat":38.8846868585,
        "LineCode1":"BL",
        "LineCode2":null,
        "LineCode3":null,
        "LineCode4":null,
        "Lon":-77.0628101291,
        "Name":"Arlington Cemetery",
        "StationTogether1":"",
        "StationTogether2":""
    },
    {
        "Code":"E09",
        "Lat":38.9786336339,
        "LineCode1":"GR",
        "LineCode2":null,
        "LineCode3":null,
        "LineCode4":null,
        "Lon":-76.9281249818,
        "Name":"College Park",
        "StationTogether1":"",
        "StationTogether2":""
    },
    {
        "Code":"J03",
        "Lat":38.7665218926,
        "LineCode1":"BL",
        "LineCode2":null,
        "LineCode3":null,
        "LineCode4":null,
        "Lon":-77.1679701804,
        "Name":"Franconia-Springf'ld",
        "StationTogether1":"",
        "StationTogether2":""
    },
    {
        "Code":"C13",
        "Lat":38.8065861172,
        "LineCode1":"BL",
        "LineCode2":"YL",
        "LineCode3":null,
        "LineCode4":null,
        "Lon":-77.0608112085,
        "Name":"King Street",
        "StationTogether1":"",
        "StationTogether2":""
    },
    {
        "Code":"C12",
        "Lat":38.8141436672,
        "LineCode1":"BL",
        "LineCode2":"YL",
        "LineCode3":null,
        "LineCode4":null,
        "Lon":-77.053667574,
        "Name":"Braddock Road",
        "StationTogether1":"",
        "StationTogether2":""
    },
    {
        "Code":"F08",
        "Lat":38.8410857803,
        "LineCode1":"GR",
        "LineCode2":null,
        "LineCode3":null,
        "LineCode4":null,
        "Lon":-76.9750541388,
        "Name":"Southern Ave",
        "StationTogether1":"",
        "StationTogether2":""
    },
    {
        "Code":"F09",
        "Lat":38.8513013835,
        "LineCode1":"GR",
        "LineCode2":null,
        "LineCode3":null,
        "LineCode4":null,
        "Lon":-76.9562627094,
        "Name":"Naylor Road",
        "StationTogether1":"",
        "StationTogether2":""
    },
    {
        "Code":"F04",
        "Lat":38.8764618668,
        "LineCode1":"GR",
        "LineCode2":null,
        "LineCode3":null,
        "LineCode4":null,
        "Lon":-77.0175052088,
        "Name":"Waterfront",
        "StationTogether1":"",
        "StationTogether2":""
    },
    {
        "Code":"F05",
        "Lat":38.8764810849,
        "LineCode1":"GR",
        "LineCode2":null,
        "LineCode3":null,
        "LineCode4":null,
        "Lon":-77.0050856513,
        "Name":"Navy Yard",
        "StationTogether1":"",
        "StationTogether2":""
    },
    {
        "Code":"F06",
        "Lat":38.8629631168,
        "LineCode1":"GR",
        "LineCode2":null,
        "LineCode3":null,
        "LineCode4":null,
        "Lon":-76.9953707387,
        "Name":"Anacostia",
        "StationTogether1":"",
        "StationTogether2":""
    },
    {
        "Code":"F07",
        "Lat":38.8456577028,
        "LineCode1":"GR",
        "LineCode2":null,
        "LineCode3":null,
        "LineCode4":null,
        "Lon":-76.9885119326,
        "Name":"Congress Height",
        "StationTogether1":"",
        "StationTogether2":""
    },
    {
        "Code":"J02",
        "Lat":38.799307672,
        "LineCode1":"BL",
        "LineCode2":null,
        "LineCode3":null,
        "LineCode4":null,
        "Lon":-77.1291115237,
        "Name":"Van Dorn St",
        "StationTogether1":"",
        "StationTogether2":""
    },
    {
        "Code":"F01",
        "Lat":38.8983168097,
        "LineCode1":"GR",
        "LineCode2":"YL",
        "LineCode3":null,
        "LineCode4":null,
        "Lon":-77.0219153904,
        "Name":"Gallery Place",
        "StationTogether1":"B01",
        "StationTogether2":""
    },
    {
        "Code":"F02",
        "Lat":38.8936652235,
        "LineCode1":"GR",
        "LineCode2":"YL",
        "LineCode3":null,
        "LineCode4":null,
        "Lon":-77.0219143879,
        "Name":"Archives",
        "StationTogether1":"",
        "StationTogether2":""
    },
    {
        "Code":"F03",
        "Lat":38.8848377279,
        "LineCode1":"GR",
        "LineCode2":"YL",
        "LineCode3":null,
        "LineCode4":null,
        "Lon":-77.021908484,
        "Name":"L'Enfant Plaza",
        "StationTogether1":"D03",
        "StationTogether2":""
    },
    {
        "Code":"B10",
        "Lat":39.0375271436,
        "LineCode1":"RD",
        "LineCode2":null,
        "LineCode3":null,
        "LineCode4":null,
        "Lon":-77.0501070535,
        "Name":"Wheaton",
        "StationTogether1":"",
        "StationTogether2":""
    },
    {
        "Code":"B11",
        "Lat":39.0617837655,
        "LineCode1":"RD",
        "LineCode2":null,
        "LineCode3":null,
        "LineCode4":null,
        "Lon":-77.0535573593,
        "Name":"Glenmont",
        "StationTogether1":"",
        "StationTogether2":""
    },
    {
        "Code":"A09",
        "Lat":38.9843936603,
        "LineCode1":"RD",
        "LineCode2":null,
        "LineCode3":null,
        "LineCode4":null,
        "Lon":-77.0941291922,
        "Name":"Bethesda",
        "StationTogether1":"",
        "StationTogether2":""
    },
    {
        "Code":"A08",
        "Lat":38.9594838736,
        "LineCode1":"RD",
        "LineCode2":null,
        "LineCode3":null,
        "LineCode4":null,
        "Lon":-77.084995805,
        "Name":"Friendship Heights",
        "StationTogether1":"",
        "StationTogether2":""
    },
    {
        "Code":"D13",
        "Lat":38.9477848558,
        "LineCode1":"OR",
        "LineCode2":null,
        "LineCode3":null,
        "LineCode4":null,
        "Lon":-76.8718412865,
        "Name":"New Carrollton",
        "StationTogether1":"",
        "StationTogether2":""
    },
    {
        "Code":"D10",
        "Lat":38.9081784965,
        "LineCode1":"OR",
        "LineCode2":null,
        "LineCode3":null,
        "LineCode4":null,
        "Lon":-76.935256783,
        "Name":"Deanwood",
        "StationTogether1":"",
        "StationTogether2":""
    },
    {
        "Code":"D11",
        "Lat":38.9166318546,
        "LineCode1":"OR",
        "LineCode2":null,
        "LineCode3":null,
        "LineCode4":null,
        "Lon":-76.916628044,
        "Name":"Cheverly",
        "StationTogether1":"",
        "StationTogether2":""
    }
]}